Date,Close/Last
1/5/2024,16305.98
1/4/2024,16282.01
1/3/2024,16368.49
1/2/2024,16543.94
12/29/2023,16825.93
12/28/2023,16898.47
12/27/2023,16906.8
12/26/2023,16878.46
12/22/2023,16777.4
12/21/2023,16757.41
12/20/2023,16554.16
12/19/2023,16811.85
12/18/2023,16729.8
12/15/2023,16623.45
12/14/2023,16537.83
12/13/2023,16562.37
12/12/2023,16354.25
12/11/2023,16221.73
12/8/2023,16084.69
12/7/2023,16022.49
12/6/2023,15788.05
12/5/2023,15877.71
12/4/2023,15839.67
12/1/2023,15997.58
11/30/2023,15947.87
11/29/2023,15987.6
11/28/2023,16010.43
11/27/2023,15961.98
11/24/2023,15982.01
11/22/2023,16001.39
11/21/2023,15933.62
11/20/2023,16027.06
11/17/2023,15837.99
11/16/2023,15833.17
11/15/2023,15817.18
11/14/2023,15812.47
11/13/2023,15482.79
11/10/2023,15529.12
11/9/2023,15187.9
11/8/2023,15313.24
11/7/2023,15296.02
11/6/2023,15154.93
11/3/2023,15099.49
11/2/2023,14919.55
11/1/2023,14664.91
10/31/2023,14409.78
10/30/2023,14335.51
10/27/2023,14180.42
10/26/2023,14109.57
10/25/2023,14381.64
10/24/2023,14745.85
10/23/2023,14604.85
10/20/2023,14560.88
10/19/2023,14783.13
10/18/2023,14909.26
10/17/2023,15122.01
10/16/2023,15172.73
10/13/2023,14995.12
10/12/2023,15184.1
10/11/2023,15241.12
10/10/2023,15131.52
10/9/2023,15047.15
10/6/2023,14973.24
10/5/2023,14723.22
10/4/2023,14776.25
10/3/2023,14565.62
10/2/2023,14837.57
9/29/2023,14715.24
9/28/2023,14702.77
9/27/2023,14580.16
9/26/2023,14545.83
9/25/2023,14768.9
9/22/2023,14701.1
9/21/2023,14694.24
9/20/2023,14969.92
9/19/2023,15191.23
9/18/2023,15225.37
9/15/2023,15202.4
9/14/2023,15473.89
9/13/2023,15348.53
9/12/2023,15289.74
9/11/2023,15461.87
9/8/2023,15280.23
9/7/2023,15258.52
9/6/2023,15371.44
9/5/2023,15508.24
9/1/2023,15490.86
8/31/2023,15501.07
8/30/2023,15462.43
8/29/2023,15376.55
8/28/2023,15052.46
8/25/2023,14941.83
8/24/2023,14816.44
8/23/2023,15148.06
8/22/2023,14908.96
8/21/2023,14936.69
8/18/2023,14694.84
8/17/2023,14715.81
8/16/2023,14876.47
8/15/2023,15037.65
8/14/2023,15205.59
8/11/2023,15028.07
8/10/2023,15128.84
8/9/2023,15101.71
8/8/2023,15273.05
8/7/2023,15407.85
8/4/2023,15274.92
8/3/2023,15353.54
8/2/2023,15370.74
8/1/2023,15718.01
7/31/2023,15757
7/28/2023,15750.93
7/27/2023,15464.93
7/26/2023,15499.26
7/25/2023,15561.42
7/24/2023,15448.02
7/21/2023,15425.67
7/20/2023,15466.09
7/19/2023,15826.35
7/18/2023,15841.35
7/17/2023,15713.28
7/14/2023,15565.6
7/13/2023,15571.98
7/12/2023,15307.23
7/11/2023,15119.06
7/10/2023,15045.64
7/7/2023,15036.85
7/6/2023,15089.45
7/5/2023,15203.78
7/3/2023,15208.69
6/30/2023,15179.21
6/29/2023,14939.95
6/28/2023,14964.57
6/27/2023,14945.91
6/26/2023,14689.02
6/23/2023,14891.48
6/22/2023,15042.32
6/21/2023,14867.45
6/20/2023,15070.15
6/16/2023,15083.92
6/15/2023,15185.48
6/14/2023,15005.69
6/13/2023,14900.85
6/12/2023,14784.3
6/9/2023,14528.36
6/8/2023,14484.54
6/7/2023,14303.29
6/6/2023,14558.09
6/5/2023,14556.5
6/2/2023,14546.64
6/1/2023,14441.51
5/31/2023,14254.09
5/30/2023,14354.99
5/26/2023,14298.41
5/25/2023,13938.53
5/24/2023,13604.48
5/23/2023,13672.54
5/22/2023,13849.74
5/19/2023,13803.49
5/18/2023,13834.62
5/17/2023,13589.26
5/16/2023,13426.01
5/15/2023,13413.51
5/12/2023,13340.18
5/11/2023,13389.78
5/10/2023,13347.83
5/9/2023,13201.11
5/8/2023,13291.64
5/5/2023,13259.13
5/4/2023,12982.48
5/3/2023,13030.21
5/2/2023,13113.66
5/1/2023,13231.47
4/28/2023,13245.99
4/27/2023,13160.03
4/26/2023,12806.48
4/25/2023,12725.11
4/24/2023,12969.76
4/21/2023,13000.77
4/20/2023,12985.98
4/19/2023,13088.71
4/18/2023,13091.79
4/17/2023,13087.71
4/14/2023,13079.52
4/13/2023,13109.39
4/12/2023,12848.35
4/11/2023,12964.15
4/10/2023,13051.23
4/6/2023,13062.6
4/5/2023,12967.2
4/4/2023,13100.07
4/3/2023,13148.35
3/31/2023,13181.35
3/30/2023,12963.14
3/29/2023,12846.03
3/28/2023,12610.57
3/27/2023,12673.07
3/24/2023,12767.05
3/23/2023,12729.23
3/22/2023,12567.15
3/21/2023,12741.44
3/20/2023,12562.61
3/17/2023,12519.88
3/16/2023,12581.39
3/15/2023,12251.32
3/14/2023,12199.79
3/13/2023,11923.17
3/10/2023,11830.28
3/9/2023,11995.88
3/8/2023,12215.33
3/7/2023,12152.17
3/6/2023,12302.48
3/3/2023,12290.81
3/2/2023,12044.87
3/1/2023,11938.57
2/28/2023,12042.12
2/27/2023,12057.79
2/24/2023,11969.65
2/23/2023,12180.14
2/22/2023,12066.27
2/21/2023,12060.3
2/17/2023,12358.18
2/16/2023,12442.48
2/15/2023,12687.89
2/14/2023,12590.89
2/13/2023,12502.31
2/10/2023,12304.92
2/9/2023,12381.17
2/8/2023,12495.38
2/7/2023,12728.27
2/6/2023,12464.51
2/3/2023,12573.36
2/2/2023,12803.14
2/1/2023,12363.1
1/31/2023,12101.93
1/30/2023,11912.39
1/27/2023,12166.6
1/26/2023,12051.48
1/25/2023,11814.69
1/24/2023,11846.64
1/23/2023,11872.54
1/20/2023,11619.03
1/19/2023,11295.67
1/18/2023,11410.29
1/17/2023,11557.19
1/13/2023,11541.48
1/12/2023,11459.61
1/11/2023,11402.52
1/10/2023,11205.78
1/9/2023,11108.44
1/6/2023,11040.35
1/5/2023,10741.22
1/4/2023,10914.8
1/3/2023,10862.64
12/30/2022,10939.76
12/29/2022,10951.05
12/28/2022,10679.34
12/27/2022,10822.51
12/23/2022,10985.45
12/22/2022,10956.14
12/21/2022,11235.88
12/20/2022,11072.42
12/19/2022,11084.59
12/16/2022,11243.72
12/15/2022,11345.22
12/14/2022,11740.92
12/13/2022,11834.21
12/12/2022,11706.44
12/9/2022,11563.33
12/8/2022,11637.5
12/7/2022,11497.39
12/6/2022,11549.69
12/5/2022,11786.8
12/2/2022,11994.26
12/1/2022,12041.89
11/30/2022,12030.06
11/29/2022,11503.45
11/28/2022,11587.75
11/25/2022,11756.03
11/23/2022,11838.72
11/22/2022,11724.84
11/21/2022,11553.45
11/18/2022,11677.02
11/17/2022,11676.86
11/16/2022,11699.09
11/15/2022,11871.15
11/14/2022,11700.94
11/11/2022,11817.01
11/10/2022,11605.96
11/9/2022,10797.55
11/8/2022,11059.5
11/7/2022,10977
11/4/2022,10857.03
11/3/2022,10690.6
11/2/2022,10906.34
11/1/2022,11288.95
10/31/2022,11405.57
10/28/2022,11546.21
10/27/2022,11191.63
10/26/2022,11405.9
10/25/2022,11669.99
10/24/2022,11430.26
10/21/2022,11310.33
10/20/2022,11046.71
10/19/2022,11103.38
10/18/2022,11147.74
10/17/2022,11062.53
10/14/2022,10692.06
10/13/2022,11033.58
10/12/2022,10785.62
10/11/2022,10791.35
10/10/2022,10926.97
10/7/2022,11039.47
10/6/2022,11485.5
10/5/2022,11573.18
10/4/2022,11582.54
10/3/2022,11229.73
9/30/2022,10971.22
9/29/2022,11164.78
9/28/2022,11493.83
9/27/2022,11271.75
9/26/2022,11254.11
9/23/2022,11311.24
9/22/2022,11501.65
9/21/2022,11637.79
9/20/2022,11851.54
9/19/2022,11953.27
9/16/2022,11861.38
9/15/2022,11927.49
9/14/2022,12134.4
9/13/2022,12033.62
9/12/2022,12739.72
9/9/2022,12588.29
9/8/2022,12321.19
9/7/2022,12259.39
9/6/2022,12011.31
9/2/2022,12098.44
9/1/2022,12274.62
8/31/2022,12272.03
8/30/2022,12342.7
8/29/2022,12484.32
8/26/2022,12605.17
8/25/2022,13143.58
8/24/2022,12917.86
8/23/2022,12881.79
8/22/2022,12890.54
8/19/2022,13242.9
8/18/2022,13505.99
8/17/2022,13470.86
8/16/2022,13635.21
8/15/2022,13667.18
8/12/2022,13565.87
8/11/2022,13291.99
8/10/2022,13378.32
8/9/2022,13008.17
8/8/2022,13159.16
8/5/2022,13207.69
8/4/2022,13311.04
8/3/2022,13253.26
8/2/2022,12901.6
8/1/2022,12940.78
7/29/2022,12947.97
7/28/2022,12717.87
7/27/2022,12601.47
7/26/2022,12086.9
7/25/2022,12328.41
7/22/2022,12396.47
7/21/2022,12619.41
7/20/2022,12439.68
7/19/2022,12249.42
7/18/2022,11877.5
7/15/2022,11983.62
7/14/2022,11768.4
7/13/2022,11728.53
7/12/2022,11744.99
7/11/2022,11860.28
7/8/2022,12125.69
7/7/2022,12109.05
7/6/2022,11852.59
7/5/2022,11779.9
7/1/2022,11585.68
6/30/2022,11503.72
6/29/2022,11658.26
6/28/2022,11637.77
6/27/2022,12008.24
6/24/2022,12105.85
6/23/2022,11697.68
6/22/2022,11527.71
6/21/2022,11546.76
6/17/2022,11265.99
6/16/2022,11127.57
6/15/2022,11593.77
6/14/2022,11311.69
6/13/2022,11288.32
6/10/2022,11832.82
6/9/2022,12269.78
6/8/2022,12615.13
6/7/2022,12711.68
6/6/2022,12599.63
6/3/2022,12548.03
6/2/2022,12892.89
6/1/2022,12548.36
5/31/2022,12642.1
5/27/2022,12681.42
5/26/2022,12276.79
5/25/2022,11943.93
5/24/2022,11769.84
5/23/2022,12034.28
5/20/2022,11835.62
5/19/2022,11875.63
5/18/2022,11928.31
5/17/2022,12564.1
5/16/2022,12243.58
5/13/2022,12387.4
5/12/2022,11945.5
5/11/2022,11967.56
5/10/2022,12345.86
5/9/2022,12187.72
5/6/2022,12693.53
5/5/2022,12850.55
5/4/2022,13535.71
5/3/2022,13089.9
5/2/2022,13075.85
4/29/2022,12854.8
4/28/2022,13456.06
4/27/2022,13003.36
4/26/2022,13009.71
4/25/2022,13533.22
4/22/2022,13356.87
4/21/2022,13720.45
4/20/2022,13998.53
4/19/2022,14210.26
4/18/2022,13910.76
4/14/2022,13893.21
4/13/2022,14217.29
4/12/2022,13940.24
4/11/2022,13990.21
4/8/2022,14327.26
4/7/2022,14531.81
4/6/2022,14498.88
4/5/2022,14820.64
4/4/2022,15159.58
4/1/2022,14861.21
3/31/2022,14838.49
3/30/2022,15071.55
3/29/2022,15239.32
3/28/2022,14987.4
3/25/2022,14754.31
3/24/2022,14765.69
3/23/2022,14447.55
3/22/2022,14654.33
3/21/2022,14376.09
3/18/2022,14420.08
3/17/2022,14118.6
3/16/2022,13956.78
3/15/2022,13458.56
3/14/2022,13046.64
3/11/2022,13301.83
3/10/2022,13591
3/9/2022,13742.2
3/8/2022,13267.6
3/7/2022,13319.38
3/4/2022,13837.83
3/3/2022,14035.21
3/2/2022,14243.69
3/1/2022,14005.99
2/28/2022,14237.81
2/25/2022,14189.16
2/24/2022,13974.67
2/23/2022,13509.43
2/22/2022,13870.53
2/18/2022,14009.54
2/17/2022,14171.74
2/16/2022,14603.64
2/15/2022,14620.82
2/14/2022,14268.59
2/11/2022,14253.84
2/10/2022,14705.64
2/9/2022,15056.96
2/8/2022,14747.03
2/7/2022,14571.25
2/4/2022,14694.35
2/3/2022,14501.11
2/2/2022,15139.74
2/1/2022,15019.68
1/31/2022,14930.05
1/28/2022,14454.61
1/27/2022,14003.11
1/26/2022,14172.76
1/25/2022,14149.12
1/24/2022,14509.58
1/21/2022,14438.4
1/20/2022,14846.46
1/19/2022,15047.84
1/18/2022,15210.76
1/14/2022,15611.59
1/13/2022,15495.62
1/12/2022,15905.1
1/11/2022,15844.12
1/10/2022,15614.43
1/7/2022,15592.19
1/6/2022,15765.36
1/5/2022,15771.78
1/4/2022,16279.73
1/3/2022,16501.77
12/31/2021,16320.08
12/30/2021,16429.1
12/29/2021,16491.01
12/28/2021,16488.66
12/27/2021,16567.5
12/23/2021,16308.21
12/22/2021,16180.14
12/21/2021,15986.28
12/20/2021,15627.64
12/17/2021,15801.46
12/16/2021,15863.94
12/15/2021,16289.59
12/14/2021,15914.9
12/13/2021,16082.55
12/10/2021,16331.98
12/9/2021,16149.57
12/8/2021,16394.34
12/7/2021,16325.66
12/6/2021,15846.16
12/3/2021,15712.04
12/2/2021,15990.76
12/1/2021,15877.72
11/30/2021,16135.92
11/29/2021,16399.24
11/26/2021,16025.58
11/24/2021,16367.81
11/23/2021,16306.72
11/22/2021,16380.98
11/19/2021,16573.34
11/18/2021,16482.97
11/17/2021,16308.07
11/16/2021,16309.77
11/15/2021,16189.12
11/12/2021,16199.89
11/11/2021,16032.47
11/10/2021,15985.57
11/9/2021,16219.94
11/8/2021,16336.03
11/5/2021,16359.38
11/4/2021,16346.24
11/3/2021,16144.5
11/2/2021,15972.49
11/1/2021,15905.28
10/29/2021,15850.47
10/28/2021,15778.16
10/27/2021,15598.39
10/26/2021,15559.49
10/25/2021,15514.19
10/22/2021,15355.07
10/21/2021,15489.59
10/20/2021,15388.71
10/19/2021,15410.72
10/18/2021,15300.89
10/15/2021,15146.92
10/14/2021,15052.42
10/13/2021,14774.6
10/12/2021,14662.11
10/11/2021,14713.73
10/8/2021,14820.75
10/7/2021,14897.13
10/6/2021,14766.75
10/5/2021,14674.15
10/4/2021,14472.12
10/1/2021,14791.87
9/30/2021,14689.62
9/29/2021,14752.89
9/28/2021,14770.3
9/27/2021,15204.82
9/24/2021,15329.68
9/23/2021,15316.58
9/22/2021,15176.51
9/21/2021,15027.77
9/20/2021,15012.19
9/17/2021,15333.47
9/16/2021,15515.91
9/15/2021,15503.53
9/14/2021,15382.9
9/13/2021,15434.5
9/10/2021,15440.75
9/9/2021,15561.05
9/8/2021,15620.85
9/7/2021,15675.76
9/3/2021,15652.86
9/2/2021,15604.25
9/1/2021,15611.57
8/31/2021,15582.51
8/30/2021,15605.09
8/27/2021,15432.95
8/26/2021,15278.52
8/25/2021,15368.92
8/24/2021,15357.68
8/23/2021,15312.82
8/20/2021,15092.57
8/19/2021,14933.94
8/18/2021,14857.92
8/17/2021,15002.83
8/16/2021,15140.77
8/13/2021,15136.68
8/12/2021,15088.98
8/11/2021,15027.76
8/10/2021,15053.58
8/9/2021,15133.11
8/6/2021,15109.36
8/5/2021,15181.64
8/4/2021,15083.39
8/3/2021,15061.42
8/2/2021,14963.62
7/30/2021,14959.9
7/29/2021,15048.36
7/28/2021,15018.1
7/27/2021,14956.97
7/26/2021,15125.95
7/23/2021,15111.79
7/22/2021,14940.17
7/21/2021,14842.63
7/20/2021,14728.21
7/19/2021,14549.09
7/16/2021,14681.38
7/15/2021,14794.69
7/14/2021,14900.44
7/13/2021,14874.54
7/12/2021,14877.89
7/9/2021,14826.09
7/8/2021,14722.14
7/7/2021,14810.54
7/6/2021,14786.36
7/2/2021,14727.63
7/1/2021,14560.05
6/30/2021,14554.8
6/29/2021,14572.75
6/28/2021,14524.98
6/25/2021,14345.18
6/24/2021,14365.96
6/23/2021,14274.24
6/22/2021,14270.42
6/21/2021,14137.23
6/18/2021,14049.58
6/17/2021,14163.81
6/16/2021,13983.01
6/15/2021,14030.41
6/14/2021,14128.2
6/11/2021,13998.3
6/10/2021,13960.35
6/9/2021,13814.94
6/8/2021,13810.86
6/7/2021,13802.89
6/4/2021,13770.77
6/3/2021,13529.68
6/2/2021,13675.79
6/1/2021,13654.59
5/28/2021,13686.51
5/27/2021,13657.85
5/26/2021,13702.74
5/25/2021,13657.73
5/24/2021,13641.75
5/21/2021,13411.74
5/20/2021,13494.09
5/19/2021,13237.91
5/18/2021,13217.68
5/17/2021,13312.91
5/14/2021,13312.91
5/13/2021,13109.15
5/12/2021,13001.63
5/11/2021,13351.27
5/10/2021,13359.08
5/7/2021,13719.63
5/6/2021,13613.73
5/5/2021,13503.37
5/4/2021,13544.67
5/3/2021,13799.72
4/30/2021,13860.76
4/29/2021,13970.2
4/28/2021,13901.62
4/27/2021,13960.28
4/26/2021,14026.16
4/23/2021,13941.44
4/22/2021,13762.36
4/21/2021,13935.15
4/20/2021,13809.3
4/19/2021,13907.67
4/16/2021,14041.91
4/15/2021,14026.19
4/14/2021,13803.91
4/13/2021,13986.49
4/12/2021,13819.35
4/9/2021,13845.05
4/8/2021,13758.5
4/7/2021,13616.7
4/6/2021,13578.46
4/5/2021,13598.16
4/1/2021,13329.51
3/31/2021,13091.44
3/30/2021,12896.53
3/29/2021,12965.74
3/26/2021,12979.12
3/25/2021,12780.51
3/24/2021,12798.88
3/23/2021,13017.79
3/22/2021,13086.51
3/19/2021,12866.99
3/18/2021,12789.14
3/17/2021,13202.38
3/16/2021,13152.28
3/15/2021,13082.54
3/12/2021,12937.29
3/11/2021,13052.9
3/10/2021,12752.07
3/9/2021,12794.49
3/8/2021,12299.08
3/5/2021,12668.51
3/4/2021,12464
3/3/2021,12683.33
3/2/2021,13059.95
3/1/2021,13282.95
2/26/2021,12909.44
2/25/2021,12828.31
2/24/2021,13302.19
2/23/2021,13194.71
2/22/2021,13223.74
2/19/2021,13580.78
2/18/2021,13637.51
2/17/2021,13699.71
2/16/2021,13773.77
2/12/2021,13807.7
2/11/2021,13734.35
2/10/2021,13655.27
2/9/2021,13687.08
2/8/2021,13695.02
2/5/2021,13603.96
2/4/2021,13560.89
2/3/2021,13402.37
2/2/2021,13456.12
2/1/2021,13248.9
1/29/2021,12925.38
1/28/2021,13201.53
1/27/2021,13112.65
1/26/2021,13490.19
1/25/2021,13483.29
1/22/2021,13366.4
1/21/2021,13404.99
1/20/2021,13296.45
1/19/2021,12996.54
1/15/2021,12803.93
1/14/2021,12898.69
1/13/2021,12973.63
1/12/2021,12892.09
1/11/2021,12902.49
1/8/2021,13105.2
1/7/2021,12939.57
1/6/2021,12623.35
1/5/2021,12802.38
1/4/2021,12694.66
12/31/2020,12888.28
12/30/2020,12845.36
12/29/2020,12843.49
12/28/2020,12838.86
12/24/2020,12711.01
12/23/2020,12653.14
12/22/2020,12717.56
12/21/2020,12690.26
12/18/2020,12738.18
12/17/2020,12752.06
12/16/2020,12668.16
12/15/2020,12595.92
12/14/2020,12462.21
12/11/2020,12375.41
12/10/2020,12401.74
12/9/2020,12364.64
12/8/2020,12635.72
12/7/2020,12596.47
12/4/2020,12528.48
12/3/2020,12467.13
12/2/2020,12456.41
12/1/2020,12455.33
11/30/2020,12268.32
11/27/2020,12258.21
11/25/2020,12152.22
11/24/2020,12079.81
11/23/2020,11905.94
11/20/2020,11906.44
11/19/2020,11985.43
11/18/2020,11894.71
11/17/2020,11977.49
11/16/2020,12013.38
11/13/2020,11937.84
11/12/2020,11827.14
11/11/2020,11892.93
11/10/2020,11624.29
11/9/2020,11830.39
11/6/2020,12091.35
11/5/2020,12078.07
11/4/2020,11777.02
11/3/2020,11279.91
11/2/2020,11084.76
10/30/2020,11052.95
10/29/2020,11350.74
10/28/2020,11142.76
10/27/2020,11598.95
10/26/2020,11504.52
10/23/2020,11692.57
10/22/2020,11662.91
10/21/2020,11665.37
10/20/2020,11677.84
10/19/2020,11634.35
10/16/2020,11852.17
10/15/2020,11898.57
10/14/2020,11985.36
10/13/2020,12083.17
10/12/2020,12088.11
10/9/2020,11725.85
10/8/2020,11550.94
10/7/2020,11503.19
10/6/2020,11291.27
10/5/2020,11509.06
10/2/2020,11255.69
10/1/2020,11583.2
9/30/2020,11418.06
9/29/2020,11322.95
9/28/2020,11364.45
9/25/2020,11151.13
9/24/2020,10896.47
9/23/2020,10833.33
9/22/2020,11186.37
9/21/2020,10980.22
9/18/2020,10936.98
9/17/2020,11080.95
9/16/2020,11247.6
9/15/2020,11438.87
9/14/2020,11277.76
9/11/2020,11087.4
9/10/2020,11154.12
9/9/2020,11395.85
9/8/2020,11068.26
9/4/2020,11622.13
9/3/2020,11771.37
9/2/2020,12420.54
9/1/2020,12292.86
8/31/2020,12110.7
8/28/2020,11995.85
8/27/2020,11926.16
8/26/2020,11971.94
8/25/2020,11721.81
8/24/2020,11626.17
8/21/2020,11555.16
8/20/2020,11477.05
8/19/2020,11318.64
8/18/2020,11399.03
8/17/2020,11288.57
8/14/2020,11164.45
8/13/2020,11178.37
8/12/2020,11157.72
8/11/2020,10876.08
8/10/2020,11085.17
8/7/2020,11139.39
8/6/2020,11267.08
8/5/2020,11125.44
8/4/2020,11096.54
8/3/2020,11055.08
7/31/2020,10905.88
7/30/2020,10715.51
7/29/2020,10662.98
7/28/2020,10532.5
7/27/2020,10674.38
7/24/2020,10483.13
7/23/2020,10580.59
7/22/2020,10870.75
7/21/2020,10833.07
7/20/2020,10952.08
7/17/2020,10645.22
7/16/2020,10626.46
7/15/2020,10701.68
7/14/2020,10689.52
7/13/2020,10602.21
7/10/2020,10836.33
7/9/2020,10754.59
7/8/2020,10666.7
7/7/2020,10524.01
7/6/2020,10604.06
7/2/2020,10341.89
7/1/2020,10279.25
6/30/2020,10156.85
6/29/2020,9961.16
6/26/2020,9849.36
6/25/2020,10101.83
6/24/2020,10002.7
6/23/2020,10209.82
6/22/2020,10130.33
6/19/2020,10008.64
6/18/2020,10012.05
6/17/2020,9982.48
6/16/2020,9949.37
6/15/2020,9776.89
6/12/2020,9663.77
6/11/2020,9588.48
6/10/2020,10094.26
6/9/2020,9967.17
6/8/2020,9901.52
6/5/2020,9824.39
6/4/2020,9629.66
6/3/2020,9704.69
6/2/2020,9657.31
6/1/2020,9598.89
5/29/2020,9555.52
5/28/2020,9416.71
5/27/2020,9442.05
5/26/2020,9389.98
5/22/2020,9413.99
5/21/2020,9377.99
5/20/2020,9485.02
5/19/2020,9298.54
5/18/2020,9331.93
5/15/2020,9152.64
5/14/2020,9094.43
5/13/2020,9000.08
5/12/2020,9112.45
5/11/2020,9298.92
5/8/2020,9220.35
5/7/2020,9101.88
5/6/2020,8984.86
5/5/2020,8930.62
5/4/2020,8834.11
5/1/2020,8718.18
4/30/2020,9000.51
4/29/2020,8982.76
4/28/2020,8677.6
4/27/2020,8837.66
4/24/2020,8786.6
4/23/2020,8641.5
4/22/2020,8664.63
4/21/2020,8403
4/20/2020,8726.51
4/17/2020,8832.41
4/16/2020,8757.83
4/15/2020,8591.96
4/14/2020,8692.16
4/13/2020,8332.74
4/9/2020,8238.53
4/8/2020,8229.54
4/7/2020,8049.31
4/6/2020,8081.66
4/3/2020,7528.11
4/2/2020,7635.66
4/1/2020,7486.29
3/31/2020,7813.5
3/30/2020,7889.01
3/27/2020,7588.37
3/26/2020,7897.13
3/25/2020,7469.62
3/24/2020,7553.82
3/23/2020,7006.92
3/20/2020,6994.29
3/19/2020,7288.52
3/18/2020,7175.18
3/17/2020,7473.95
3/16/2020,7020.38
3/13/2020,7995.26
3/12/2020,7263.65
3/11/2020,8006.12
3/10/2020,8372.27
3/9/2020,7948.03
3/6/2020,8530.34
3/5/2020,8671.66
3/4/2020,8949.28
3/3/2020,8594.49
3/2/2020,8877.98
2/28/2020,8461.83
2/27/2020,8436.67
2/26/2020,8873.76
2/25/2020,8834.87
2/24/2020,9079.63
2/21/2020,9446.69
2/20/2020,9627.83
2/19/2020,9718.73
2/18/2020,9629.8
2/14/2020,9623.58
2/13/2020,9595.7
2/12/2020,9613.2
2/11/2020,9517.86
2/10/2020,9516.84
2/7/2020,9401.1
2/6/2020,9445.92
2/5/2020,9367.48
2/4/2020,9334.06
2/3/2020,9126.23
1/31/2020,8991.51
1/30/2020,9136.09
1/29/2020,9101.61
1/28/2020,9090.93
1/27/2020,8952.18
1/24/2020,9141.47
1/23/2020,9216.98
1/22/2020,9188.57
1/21/2020,9166.63
1/17/2020,9173.73
1/16/2020,9125
1/15/2020,9035.67
1/14/2020,9033.42
1/13/2020,9070.65
1/10/2020,8966.64
1/9/2020,8989.63
1/8/2020,8912.37
1/7/2020,8846.45
1/6/2020,8848.52
1/3/2020,8793.9
1/2/2020,8872.22
12/31/2019,8733.07
12/30/2019,8709.73
12/27/2019,8770.98
12/26/2019,8778.31
12/24/2019,8699.51
12/23/2019,8696.01
12/20/2019,8678.49
12/19/2019,8641.29
12/18/2019,8580.62
12/17/2019,8575.7
12/16/2019,8570.33
12/13/2019,8487.71
12/12/2019,8466.89
12/11/2019,8402.61
12/10/2019,8354.29
12/9/2019,8362.74
12/6/2019,8397.37
12/5/2019,8308.4
12/4/2019,8296.53
12/3/2019,8254.74
12/2/2019,8309.26
11/29/2019,8403.68
11/27/2019,8444.71
11/26/2019,8385.75
11/25/2019,8371.93
11/22/2019,8272.05
11/21/2019,8265.62
11/20/2019,8283.75
11/19/2019,8338.74
11/18/2019,8328.48
11/15/2019,8315.52
11/14/2019,8257.83
11/13/2019,8259.81
11/12/2019,8263.79
11/11/2019,8241.91
11/8/2019,8255.89
11/7/2019,8219.65
11/6/2019,8196.03
11/5/2019,8210.18
11/4/2019,8210.66
11/1/2019,8161.17
10/31/2019,8083.83
10/30/2019,8083.11
10/29/2019,8047.51
10/28/2019,8110.67
10/25/2019,8029.22
10/24/2019,7966.72
10/23/2019,7889.47
10/22/2019,7874.62
10/21/2019,7940.33
10/18/2019,7868.49
10/17/2019,7942.14
10/16/2019,7920.21
10/15/2019,7942.85
10/14/2019,7842.33
10/11/2019,7843.87
10/10/2019,7740.36
10/9/2019,7690.53
10/8/2019,7604.27
10/7/2019,7725.13
10/4/2019,7754.1
10/3/2019,7638.39
10/2/2019,7550.79
10/1/2019,7684.14
9/30/2019,7749.45
9/27/2019,7681.58
9/26/2019,7771.99
9/25/2019,7803.54
9/24/2019,7710.04
9/23/2019,7818.61
9/20/2019,7823.55
9/19/2019,7901.79
9/18/2019,7888.56
9/17/2019,7888.79
9/16/2019,7852.41
9/13/2019,7892.95
9/12/2019,7917.34
9/11/2019,7887.58
9/10/2019,7814.74
9/9/2019,7832.4
9/6/2019,7852.54
9/5/2019,7862.54
9/4/2019,7719.25
9/3/2019,7609.51
8/30/2019,7691
8/29/2019,7702.31
8/28/2019,7587.9
8/27/2019,7566.03
8/26/2019,7575.02
8/23/2019,7464.99
8/22/2019,7707.43
8/21/2019,7733.22
8/20/2019,7664.47
8/19/2019,7719.32
8/16/2019,7604.11
8/15/2019,7484.89
8/14/2019,7490.13
8/13/2019,7728.15
8/12/2019,7561.68
8/9/2019,7646.27
8/8/2019,7724.83
8/7/2019,7551.9
8/6/2019,7521.32
8/5/2019,7415.69
8/2/2019,7692.8
8/1/2019,7801.15
7/31/2019,7848.78
7/30/2019,7952.47
7/29/2019,7989.08
7/26/2019,8016.95
7/25/2019,7929.87
7/24/2019,8010.6
7/23/2019,7954.56
7/22/2019,7905.12
7/19/2019,7834.9
7/18/2019,7904.13
7/17/2019,7888.76
7/16/2019,7927.08
7/15/2019,7966.93
7/12/2019,7943.24
7/11/2019,7896.78
7/10/2019,7903.4
7/9/2019,7826.86
7/8/2019,7785.79
7/5/2019,7841.3
7/3/2019,7857.69
7/2/2019,7799.82
7/1/2019,7768.14
6/28/2019,7671.07
6/27/2019,7657.05
6/26/2019,7627.05
6/25/2019,7591.54
6/24/2019,7723.02
6/21/2019,7728.78
6/20/2019,7738.05
6/19/2019,7667.74
6/18/2019,7635.4
6/17/2019,7526.52
6/14/2019,7479.11
6/13/2019,7510.68
6/12/2019,7472.29
6/11/2019,7513.85
6/10/2019,7501.93
6/7/2019,7417.29
6/6/2019,7275.93
6/5/2019,7220.9
6/4/2019,7166.75
6/3/2019,6978.02
5/31/2019,7127.96
5/30/2019,7245.4
5/29/2019,7216.86
5/28/2019,7278.38
5/24/2019,7300.96
5/23/2019,7307.93
5/22/2019,7420.66
5/21/2019,7451.02
5/20/2019,7376.7
5/17/2019,7503.68
5/16/2019,7580.14
5/15/2019,7503.25
5/14/2019,7401.88
5/13/2019,7324.13
5/10/2019,7586.53
5/9/2019,7582.75
5/8/2019,7617.55
5/7/2019,7640.15
5/6/2019,7794.09
5/3/2019,7845.73
5/2/2019,7724.06
5/1/2019,7751.85
4/30/2019,7781.46
4/29/2019,7839.04
4/26/2019,7826.68
4/25/2019,7816.92
4/24/2019,7784.41
4/23/2019,7810.71
4/22/2019,7713.49
4/18/2019,7689.72
4/17/2019,7680.72
4/16/2019,7654.73
4/15/2019,7629.12
4/12/2019,7628.15
4/11/2019,7594.89
4/10/2019,7611.49
4/9/2019,7568.49
4/8/2019,7599.74
4/5/2019,7578.84
4/4/2019,7540.57
4/3/2019,7544.97
4/2/2019,7499.64
4/1/2019,7478.42
3/29/2019,7378.77
3/28/2019,7320.47
3/27/2019,7308.19
3/26/2019,7351.15
3/25/2019,7316.96
3/22/2019,7326.06
3/21/2019,7493.27
3/20/2019,7380.75
3/19/2019,7349.28
3/18/2019,7326.28
3/15/2019,7306.99
3/14/2019,7243.01
3/13/2019,7256.98
3/12/2019,7201.28
3/11/2019,7164.02
3/8/2019,7015.69
3/7/2019,7026.88
3/6/2019,7112.47
3/5/2019,7156.79
3/4/2019,7150.83
3/1/2019,7151.57
2/28/2019,7097.53
2/27/2019,7117
2/26/2019,7123.22
2/25/2019,7115.43
2/22/2019,7090.63
2/21/2019,7035.16
2/20/2019,7062.34
2/19/2019,7066.61
2/15/2019,7055.18
2/14/2019,7022.42
2/13/2019,7015.88
2/12/2019,7014.67
2/11/2019,6909.18
2/8/2019,6913.13
2/7/2019,6904.98
2/6/2019,6997.62
2/5/2019,7023.52
2/4/2019,6959.96
2/1/2019,6875.52
1/31/2019,6906.84
1/30/2019,6807.91
1/29/2019,6632.79
1/28/2019,6697.09
1/25/2019,6787.37
1/24/2019,6702.55
1/23/2019,6658.76
1/22/2019,6646.81
1/18/2019,6784.61
1/17/2019,6718.45
1/16/2019,6668.56
1/15/2019,6669.64
1/14/2019,6541.04
1/11/2019,6601.4
1/10/2019,6620.94
1/9/2019,6600.69
1/8/2019,6551.85
1/7/2019,6488.25
1/4/2019,6422.67
1/3/2019,6147.13
1/2/2019,6360.87
12/31/2018,6329.96
12/28/2018,6285.27
12/27/2018,6288.3
12/26/2018,6262.77
12/24/2018,5899.35
12/21/2018,6046.56
12/20/2018,6243.19
12/19/2018,6342.97
12/18/2018,6491.52
12/17/2018,6448.39
12/14/2018,6594.96
12/13/2018,6767.97
12/12/2018,6763.96
12/11/2018,6704.24
12/10/2018,6682.74
12/7/2018,6613.27
12/6/2018,6838.85
12/4/2018,6795.21
12/3/2018,7062.13
11/30/2018,6949.01
11/29/2018,6892.4
11/28/2018,6913.33
11/27/2018,6701.04
11/26/2018,6678.34
11/23/2018,6527.35
11/21/2018,6575.66
11/20/2018,6526.96
11/19/2018,6642.92
11/16/2018,6867.02
11/15/2018,6890.45
11/14/2018,6769.87
11/13/2018,6830.91
11/12/2018,6829.1
11/9/2018,7039.15
11/8/2018,7158.59
11/7/2018,7203.13
11/6/2018,6988.85
11/5/2018,6937.09
11/2/2018,6965.29
11/1/2018,7069.17
10/31/2018,6967.1
10/30/2018,6810.12
10/29/2018,6713.9
10/26/2018,6852.4
10/25/2018,7016.39
10/24/2018,6789.15
10/23/2018,7118.67
10/22/2018,7141.21
10/19/2018,7107.23
10/18/2018,7116.09
10/17/2018,7278.63
10/16/2018,7276.43
10/15/2018,7068.67
10/12/2018,7157.21
10/11/2018,6964.03
10/10/2018,7044.5
10/9/2018,7371.62
10/8/2018,7352.82
10/5/2018,7399.01
10/4/2018,7490
10/3/2018,7637.43
10/2/2018,7628.28
10/1/2018,7645.45
9/28/2018,7627.65
9/27/2018,7629.57
9/26/2018,7563.09
9/25/2018,7563.19
9/24/2018,7548.75
9/21/2018,7531.07
9/20/2018,7569.03
9/19/2018,7490.32
9/18/2018,7494.4
9/17/2018,7434.73
9/14/2018,7545.5
9/13/2018,7561.69
9/12/2018,7488.06
9/11/2018,7507.87
9/10/2018,7447.68
9/7/2018,7430.26
9/6/2018,7453.17
9/5/2018,7523.26
9/4/2018,7622.32
8/31/2018,7654.55
8/30/2018,7642.67
8/29/2018,7660.18
8/28/2018,7570.25
8/27/2018,7559.13
8/24/2018,7485.4
8/23/2018,7413.84
8/22/2018,7424.6
8/21/2018,7397.23
8/20/2018,7371.42
8/17/2018,7377.54
8/16/2018,7374.29
8/15/2018,7354.66
8/14/2018,7447.17
8/13/2018,7401.17
8/10/2018,7408.3
8/9/2018,7466.96
8/8/2018,7469.54
8/7/2018,7462.65
8/6/2018,7438.99
8/3/2018,7395.49
8/2/2018,7372.15
8/1/2018,7272.89
7/31/2018,7231.98
7/30/2018,7193.1
7/27/2018,7296.78
7/26/2018,7400.75
7/25/2018,7508.59
7/24/2018,7406.25
7/23/2018,7371.78
7/20/2018,7350.23
7/19/2018,7352.36
7/18/2018,7390.13
7/17/2018,7403.89
7/16/2018,7357.9
7/13/2018,7375.82
7/12/2018,7366.25
7/11/2018,7243.98
7/10/2018,7282.6
7/9/2018,7276
7/6/2018,7207.33
7/5/2018,7101.05
7/3/2018,7014.55
7/2/2018,7097.82
6/29/2018,7040.8
6/28/2018,7031.6
6/27/2018,6969.67
6/26/2018,7068.2
6/25/2018,7038.17
6/22/2018,7197.51
6/21/2018,7217.49
6/20/2018,7280.7
6/19/2018,7228.04
6/18/2018,7251.41
6/15/2018,7255.76
6/14/2018,7279.59
6/13/2018,7205.26
6/12/2018,7209.18
6/11/2018,7168.48
6/8/2018,7152.62
6/7/2018,7152.83
6/6/2018,7210.08
6/5/2018,7166.75
6/4/2018,7143.57
6/1/2018,7083.93
5/31/2018,6967.73
5/30/2018,6976.37
5/29/2018,6926.54
5/25/2018,6960.92
5/24/2018,6949.7
5/23/2018,6953.63
5/22/2018,6893.62
5/21/2018,6905.53
5/18/2018,6866.25
5/17/2018,6901.63
5/16/2018,6929.97
5/15/2018,6888.54
5/14/2018,6964.37
5/11/2018,6952.56
5/10/2018,6963.55
5/9/2018,6893.21
5/8/2018,6815.48
5/7/2018,6821.87
5/4/2018,6769.12
5/3/2018,6643.48
5/2/2018,6644.48
5/1/2018,6681.96
4/30/2018,6605.57
4/27/2018,6656.35
4/26/2018,6649.65
4/25/2018,6513.94
4/24/2018,6509.05
4/23/2018,6648.8
4/20/2018,6667.75
4/19/2018,6774.89
4/18/2018,6833.21
4/17/2018,6816.37
4/16/2018,6675.18
4/13/2018,6628.34
4/12/2018,6656.26
4/11/2018,6583.44
4/10/2018,6615.87
4/9/2018,6472.34
4/6/2018,6433.21
4/5/2018,6594.84
4/4/2018,6560.06
4/3/2018,6458.83
4/2/2018,6390.84
3/29/2018,6581.13
3/28/2018,6460.81
3/27/2018,6529.84
3/26/2018,6753.83
3/23/2018,6508.09
3/22/2018,6682.26
3/21/2018,6853.45
3/20/2018,6885.92
3/19/2018,6864.88
3/16/2018,7019.95
3/15/2018,7030.97
3/14/2018,7040.98
3/13/2018,7046.51
3/12/2018,7131.12
3/9/2018,7101.18
3/8/2018,6966.43
3/7/2018,6929.39
3/6/2018,6913.02
3/5/2018,6881.28
3/2/2018,6811.04
3/1/2018,6750.54
2/28/2018,6854.42
2/27/2018,6900.35
2/26/2018,6989.1
2/23/2018,6896.6
2/22/2018,6761.85
2/21/2018,6759.26
2/20/2018,6779.69
2/16/2018,6770.66
2/15/2018,6794.92
2/14/2018,6675.03
2/13/2018,6553.86
2/12/2018,6523.85
2/9/2018,6412.68
2/8/2018,6306.1
2/7/2018,6582.02
2/6/2018,6665.98
2/5/2018,6495.92
2/2/2018,6760.29
2/1/2018,6901.5
1/31/2018,6949.99
1/30/2018,6930.73
1/29/2018,6988.32
1/26/2018,7022.97
1/25/2018,6916.3
1/24/2018,6919.35
1/23/2018,6963.46
1/22/2018,6906.28
1/19/2018,6834.33
1/18/2018,6811.38
1/17/2018,6810.28
1/16/2018,6737.14
1/12/2018,6758.54
1/11/2018,6708.49
1/10/2018,6662.66
1/9/2018,6677.94
1/8/2018,6676.63
1/5/2018,6653.29
1/4/2018,6584.58
1/3/2018,6575.8
1/2/2018,6511.34
12/29/2017,6396.42
12/28/2017,6441.42
12/27/2017,6435.15
12/26/2017,6433.16
12/22/2017,6465.17
12/21/2017,6472.69
12/20/2017,6472.48
12/19/2017,6480.67
12/18/2017,6513.27
12/15/2017,6466.32
12/14/2017,6389.91
12/13/2017,6394.67
12/12/2017,6383.65
12/11/2017,6393.89
12/8/2017,6344.57
12/7/2017,6316.28
12/6/2017,6293.05
12/5/2017,6265.11
12/4/2017,6263.7
12/1/2017,6337.87
11/30/2017,6365.56
11/29/2017,6311.37
11/28/2017,6422.56
11/27/2017,6405.97
11/24/2017,6409.29
11/22/2017,6386.12
11/21/2017,6378.63
11/20/2017,6308.61
11/17/2017,6314.51
11/16/2017,6339.14
11/15/2017,6258.36
11/14/2017,6293.64
11/13/2017,6316.18
11/10/2017,6309.07
11/9/2017,6312.21
11/8/2017,6345.81
11/7/2017,6320.78
11/6/2017,6313.61
11/3/2017,6295.58
11/2/2017,6236.39
11/1/2017,6248.65
10/31/2017,6248.56
10/30/2017,6227.59
10/27/2017,6213.47
10/26/2017,6037.87
10/25/2017,6055.04
10/24/2017,6080.22
10/23/2017,6067.83
10/20/2017,6108.82
10/19/2017,6092.62
10/18/2017,6114.35
10/17/2017,6122.61
10/16/2017,6114.53
10/13/2017,6092.45
10/12/2017,6069.99
10/11/2017,6081.25
10/10/2017,6063.52
10/9/2017,6058.53
10/6/2017,6064.57
10/5/2017,6057.14
10/4/2017,5998.84
10/3/2017,5995.06
10/2/2017,5981.92
9/29/2017,5979.3
9/28/2017,5933.07
9/27/2017,5937.79
9/26/2017,5881.34
9/25/2017,5867.35
9/22/2017,5932.32
9/21/2017,5934.91
9/20/2017,5973.6
9/19/2017,5991.08
9/18/2017,5981.12
9/15/2017,5988
9/14/2017,5968.82
9/13/2017,6004.38
9/12/2017,5995.64
9/11/2017,5980.53
9/8/2017,5913.37
9/7/2017,5964.31
9/6/2017,5951.13
9/5/2017,5932.73
9/1/2017,5987.9
8/31/2017,5988.6
8/30/2017,5932.9
8/29/2017,5862.14
8/28/2017,5838.08
8/25/2017,5822.53
8/24/2017,5834.44
8/23/2017,5851.78
8/22/2017,5873.33
8/21/2017,5786.54
8/18/2017,5790.91
8/17/2017,5796.32
8/16/2017,5917.42
8/15/2017,5907.73
8/14/2017,5908.17
8/11/2017,5831.53
8/10/2017,5788.19
8/9/2017,5919.39
8/8/2017,5926.35
8/7/2017,5934.73
8/4/2017,5899.91
8/3/2017,5891.2
8/2/2017,5914.23
8/1/2017,5895.17
7/31/2017,5880.33
7/28/2017,5908.92
7/27/2017,5917.03
7/26/2017,5950.73
7/25/2017,5930.65
7/24/2017,5941.37
7/21/2017,5921.52
7/20/2017,5921.22
7/19/2017,5916.16
7/18/2017,5880.1
7/17/2017,5839.74
7/14/2017,5838.08
7/13/2017,5793.36
7/12/2017,5778.95
7/11/2017,5709.8
7/10/2017,5694.15
7/7/2017,5656.47
7/6/2017,5597.9
7/5/2017,5648.82
7/3/2017,5596.96
6/30/2017,5646.92
6/29/2017,5653.02
6/28/2017,5753.03
6/27/2017,5671.6
6/26/2017,5777.59
6/23/2017,5803.11
6/22/2017,5779.87
6/21/2017,5782.39
6/20/2017,5726.31
6/19/2017,5772.22
6/16/2017,5681.48
6/15/2017,5700.89
6/14/2017,5727.07
6/13/2017,5751.82
6/12/2017,5708.18
6/9/2017,5741.94
6/8/2017,5885.3
6/7/2017,5877.59
6/6/2017,5856.77
6/5/2017,5878.12
6/2/2017,5881.46
6/1/2017,5816.51
5/31/2017,5788.8
5/30/2017,5794.63
5/26/2017,5788.36
5/25/2017,5778.37
5/24/2017,5730.3
5/23/2017,5703.35
5/22/2017,5699.4
5/19/2017,5651.56
5/18/2017,5626.31
5/17/2017,5580.55
5/16/2017,5724.44
5/15/2017,5704.48
5/12/2017,5686.81
5/11/2017,5674.22
5/10/2017,5681.68
5/9/2017,5678.31
5/8/2017,5659.07
5/5/2017,5646.09
5/4/2017,5626.32
5/3/2017,5625.16
5/2/2017,5644.07
5/1/2017,5629.63
4/28/2017,5583.53
4/27/2017,5571.28
4/26/2017,5541.09
4/25/2017,5548.19
4/24/2017,5508.03
4/21/2017,5442.05
4/20/2017,5443.53
4/19/2017,5399.64
4/18/2017,5391.66
4/17/2017,5399.2
4/13/2017,5353.59
4/12/2017,5377.03
4/11/2017,5398.4
4/10/2017,5421.68
4/7/2017,5418.37
4/6/2017,5420.88
4/5/2017,5418.52
4/4/2017,5440.41
4/3/2017,5432.2
3/31/2017,5436.23
3/30/2017,5439.74
3/29/2017,5430.27
3/28/2017,5407.21
3/27/2017,5374.27
3/24/2017,5364
3/23/2017,5355.14
3/22/2017,5367.55
3/21/2017,5332.53
3/20/2017,5413.31
3/17/2017,5408.76
3/16/2017,5412.08
3/15/2017,5416.25
3/14/2017,5382.17
3/13/2017,5394.57
3/10/2017,5385.9
3/9/2017,5363.98
3/8/2017,5359.8
3/7/2017,5351.28
3/6/2017,5360.31
3/3/2017,5373.48
3/2/2017,5363.26
3/1/2017,5390.99
2/28/2017,5330.31
2/27/2017,5347.55
2/24/2017,5343.31
2/23/2017,5332.37
2/22/2017,5352.13
2/21/2017,5350.73
2/17/2017,5324.72
2/16/2017,5300.64
2/15/2017,5302.39
2/14/2017,5271.07
2/13/2017,5256.82
2/10/2017,5226.69
2/9/2017,5212.16
2/8/2017,5196.58
2/7/2017,5185.88
2/6/2017,5167.96
2/3/2017,5161.6
2/2/2017,5147.7
2/1/2017,5152.69
1/31/2017,5116.77
1/30/2017,5129.33
1/27/2017,5168.06
1/26/2017,5156.92
1/25/2017,5151.47
1/24/2017,5101.06
1/23/2017,5065.7
1/20/2017,5063.2
1/19/2017,5051.17
1/18/2017,5055.85
1/17/2017,5044.65
1/13/2017,5059.51
1/12/2017,5041.43
1/11/2017,5050.21
1/10/2017,5035.17
1/9/2017,5024.9
1/6/2017,5007.08
1/5/2017,4964.95
1/4/2017,4937.2
1/3/2017,4911.33
12/30/2016,4863.62
12/29/2016,4918.28
12/28/2016,4926.29
12/27/2016,4965.81
12/23/2016,4940.02
12/22/2016,4934.39
12/21/2016,4948.9
12/20/2016,4953.8
12/19/2016,4934.85
12/16/2016,4914.86
12/15/2016,4933.41
12/14/2016,4921.22
12/13/2016,4935.84
12/12/2016,4874.3
12/9/2016,4895.9
12/8/2016,4859.19
12/7/2016,4851.94
12/6/2016,4788.67
12/5/2016,4778.14
12/2/2016,4739.37
12/1/2016,4734.1
11/30/2016,4810.81
11/29/2016,4873.21
11/28/2016,4857.02
11/25/2016,4870.02
11/23/2016,4853.86
11/22/2016,4873.84
11/21/2016,4859
11/18/2016,4808.04
11/17/2016,4826.59
11/16/2016,4792.27
11/15/2016,4764.47
11/14/2016,4702.04
11/11/2016,4751.95
11/10/2016,4747.03
11/9/2016,4825.18
11/8/2016,4804.92
11/7/2016,4773.73
11/4/2016,4660.46
11/3/2016,4679.1
11/2/2016,4726.91
11/1/2016,4766.94
10/31/2016,4801.27
10/28/2016,4805.59
10/27/2016,4836.45
10/26/2016,4860.59
10/25/2016,4891.45
10/24/2016,4909.97
10/21/2016,4851.86
10/20/2016,4832.71
10/19/2016,4836.61
10/18/2016,4839.72
10/17/2016,4796.17
10/14/2016,4808.49
10/13/2016,4803.1
10/12/2016,4819.63
10/11/2016,4821.91
10/10/2016,4893.77
10/7/2016,4864.52
10/6/2016,4873.92
10/5/2016,4877.75
10/4/2016,4859.47
10/3/2016,4866.63
9/30/2016,4875.7
9/29/2016,4838.3
9/28/2016,4875.27
9/27/2016,4866.71
9/26/2016,4817.17
9/23/2016,4858.91
9/22/2016,4891.36
9/21/2016,4853.75
9/20/2016,4805.22
9/19/2016,4796.07
9/16/2016,4818.05
9/15/2016,4819.9
9/14/2016,4746.06
9/13/2016,4722.84
9/12/2016,4764.65
9/9/2016,4681.53
9/8/2016,4804
9/7/2016,4831.86
9/6/2016,4829.51
9/2/2016,4798.74
9/1/2016,4783.94
8/31/2016,4771.05
8/30/2016,4775.99
8/29/2016,4791.09
8/26/2016,4783.69
8/25/2016,4775.43
8/24/2016,4783.49
8/23/2016,4818.48
8/22/2016,4808.56
8/19/2016,4806.14
8/18/2016,4808.68
8/17/2016,4805.45
8/16/2016,4797.19
8/15/2016,4827.12
8/12/2016,4807.08
8/11/2016,4803.31
8/10/2016,4783.39
8/9/2016,4795.75
8/8/2016,4784.74
8/5/2016,4791.21
8/4/2016,4743.81
8/3/2016,4734.33
8/2/2016,4719.21
8/1/2016,4756.04
7/29/2016,4730.23
7/28/2016,4721.41
7/27/2016,4702.88
7/26/2016,4672.11
7/25/2016,4665.93
7/22/2016,4666.07
7/21/2016,4647.02
7/20/2016,4657.2
7/19/2016,4603.28
7/18/2016,4619.68
7/15/2016,4589.83
7/14/2016,4596.49
7/13/2016,4565.77
7/12/2016,4577.61
7/11/2016,4554.71
7/8/2016,4528.36
7/7/2016,4459.58
7/6/2016,4444.7
7/5/2016,4410.75
7/1/2016,4437.44
6/30/2016,4417.7
6/29/2016,4364.74
6/28/2016,4290.47
6/27/2016,4201.05
6/24/2016,4285.7
6/23/2016,4467.48
6/22/2016,4404.73
6/21/2016,4413.4
6/20/2016,4400.16
6/17/2016,4374.38
6/16/2016,4424.23
6/15/2016,4409.51
6/14/2016,4424.91
6/13/2016,4422.76
6/10/2016,4461.05
6/9/2016,4512.69
6/8/2016,4520.63
6/7/2016,4513.09
6/6/2016,4523.63
6/3/2016,4509.79
6/2/2016,4531.35
6/1/2016,4520.07
5/31/2016,4523.89
5/27/2016,4512.54
5/26/2016,4487.96
5/25/2016,4476.43
5/24/2016,4444.3
5/23/2016,4355.1
5/20/2016,4362.9
5/19/2016,4315.58
5/18/2016,4338.23
5/17/2016,4322.56
5/16/2016,4380.48
5/13/2016,4326.53
5/12/2016,4342.81
5/11/2016,4361.03
5/10/2016,4402.04
5/9/2016,4341.23
5/6/2016,4330.17
5/5/2016,4309.48
5/4/2016,4312.01
5/3/2016,4341.39
5/2/2016,4381.3
4/29/2016,4341.3
4/28/2016,4363.99
4/27/2016,4416.63
4/26/2016,4452.97
4/25/2016,4474.13
4/22/2016,4474.19
4/21/2016,4540.8
4/20/2016,4540.44
4/19/2016,4537.09
4/18/2016,4569.32
4/15/2016,4543.16
4/14/2016,4554.62
4/13/2016,4554.72
4/12/2016,4496.04
4/11/2016,4458.71
4/8/2016,4474.93
4/7/2016,4475.29
4/6/2016,4543.78
4/5/2016,4470.75
4/4/2016,4511.7
4/1/2016,4532.08
3/31/2016,4483.66
3/30/2016,4490.88
3/29/2016,4467.72
3/28/2016,4398.07
3/24/2016,4405.53
3/23/2016,4402.56
3/22/2016,4437.62
3/21/2016,4426.98
3/18/2016,4410.83
3/17/2016,4400.26
3/16/2016,4404.2
3/15/2016,4367.08
3/14/2016,4367.33
3/11/2016,4361.83
3/10/2016,4286.97
3/9/2016,4293.23
3/8/2016,4265.51
3/7/2016,4303.33
3/4/2016,4329
3/3/2016,4325.86
3/2/2016,4334.39
3/1/2016,4333.61
2/29/2016,4201.12
2/26/2016,4235.62
2/25/2016,4241.06
2/24/2016,4200.66
2/23/2016,4162.54
2/22/2016,4231.27
2/19/2016,4164.09
2/18/2016,4151.49
2/17/2016,4199.1
2/16/2016,4104.33
2/12/2016,4019.19
2/11/2016,3962.22
2/10/2016,3966.28
2/9/2016,3947.8
2/8/2016,3960.67
2/5/2016,4024.47
2/4/2016,4167.77
2/3/2016,4171.97
2/2/2016,4193.1
2/1/2016,4286.56
1/29/2016,4279.17
1/28/2016,4186.06
1/27/2016,4128.86
1/26/2016,4233.85
1/25/2016,4196.53
1/22/2016,4259.77
1/21/2016,4142.6
1/20/2016,4136.28
1/19/2016,4147.07
1/15/2016,4141.08
1/14/2016,4272.97
1/13/2016,4183.12
1/12/2016,4333.72
1/11/2016,4283.55
1/8/2016,4270.78
1/7/2016,4305.72
1/6/2016,4443.99
1/5/2016,4484.18
1/4/2016,4497.86
12/31/2015,4593.27
12/30/2015,4652.01
12/29/2015,4691.08
12/28/2015,4621.35
12/25/2015,4622.77
12/24/2015,4622.77
12/23/2015,4624.59
12/22/2015,4589.26
12/21/2015,4560.55
12/18/2015,4514.83
12/17/2015,4598.14
12/16/2015,4664.56
12/15/2015,4597.33
12/14/2015,4570.16
12/11/2015,4537.56
12/10/2015,4643.05
12/9/2015,4622.14
12/8/2015,4694.77
12/7/2015,4693.62
12/4/2015,4716.12
12/3/2015,4606.75
12/2/2015,4686.22
12/1/2015,4716.16
11/30/2015,4664.51
11/27/2015,4680.47
11/26/2015,4672.88
11/25/2015,4672.88
11/24/2015,4669.41
11/23/2015,4674.79
11/20/2015,4686.36
11/19/2015,4655.35
11/18/2015,4653.44
11/17/2015,4565.82
11/16/2015,4565.47
11/13/2015,4502.14
11/12/2015,4588.93
11/11/2015,4636.94
11/10/2015,4641.73
11/9/2015,4655.52
11/6/2015,4707.23
11/5/2015,4702.9
11/4/2015,4717.55
11/3/2015,4719.05
11/2/2015,4703.91
10/30/2015,4648.83
10/29/2015,4670.76
10/28/2015,4678.58
10/27/2015,4639.23
10/26/2015,4630.85
10/23/2015,4624.09
10/22/2015,4503.22
10/21/2015,4413.52
10/20/2015,4438.18
10/19/2015,4462.07
10/16/2015,4438.62
10/15/2015,4418.22
10/14/2015,4346.92
10/13/2015,4352.94
10/12/2015,4382.56
10/9/2015,4370.01
10/8/2015,4350.15
10/7/2015,4333.46
10/6/2015,4306.7
10/5/2015,4331.43
10/2/2015,4267.45
10/1/2015,4192.96
9/30/2015,4181.06
9/29/2015,4083.37
9/28/2015,4103.47
9/25/2015,4224.74
9/24/2015,4261.1
9/23/2015,4273.53
9/22/2015,4274.1
9/21/2015,4336.13
9/18/2015,4323.86
9/17/2015,4384.96
9/16/2015,4383.67
9/15/2015,4360.28
9/14/2015,4308.76
9/11/2015,4323.23
9/10/2015,4296.3
9/9/2015,4253.45
9/8/2015,4303.53
9/7/2015,4184.72
9/4/2015,4184.72
9/3/2015,4234.65
9/2/2015,4256.23
9/1/2015,4142.63
8/31/2015,4274.58
8/28/2015,4329.12
8/27/2015,4324.82
8/26/2015,4219.6
8/25/2015,4016.32
8/24/2015,4038.6
8/21/2015,4197.27
8/20/2015,4385.13
8/19/2015,4510.9
8/18/2015,4542.07
8/17/2015,4566.37
8/14/2015,4530.74
8/13/2015,4519.32
8/12/2015,4528.19
8/11/2015,4513.99
8/10/2015,4573.11
8/7/2015,4520.08
8/6/2015,4528.51
8/5/2015,4602.24
8/4/2015,4567.47
8/3/2015,4580.46
7/31/2015,4588.91
7/30/2015,4598.59
7/29/2015,4581.6
7/28/2015,4560.23
7/27/2015,4519.09
7/24/2015,4557.37
7/23/2015,4602.83
7/22/2015,4623.24
7/21/2015,4674.41
7/20/2015,4679.68
7/17/2015,4661.6
7/16/2015,4594.9
7/15/2015,4528.36
7/14/2015,4523.47
7/13/2015,4494.47
7/10/2015,4420.15
7/9/2015,4352.03
7/8/2015,4351.58
7/7/2015,4429.06
7/6/2015,4418.66
7/3/2015,4433.39
7/2/2015,4433.39
7/1/2015,4429.23
6/30/2015,4396.76
6/29/2015,4379.86
6/26/2015,4484.28
6/25/2015,4514.01
6/24/2015,4524.6
6/23/2015,4548.74
6/22/2015,4544.04
6/19/2015,4513.42
6/18/2015,4531.85
6/17/2015,4468.98
6/16/2015,4455.9
6/15/2015,4432.92
6/12/2015,4453.79
6/11/2015,4488.47
6/10/2015,4485.46
6/9/2015,4427.61
6/8/2015,4431.51
6/5/2015,4477.19
6/4/2015,4487.03
6/3/2015,4519.86
6/2/2015,4508.89
6/1/2015,4521.85
5/29/2015,4508.25
5/28/2015,4535.66
5/27/2015,4546.06
5/26/2015,4472.96
5/25/2015,4527.16
5/22/2015,4527.16
5/21/2015,4529.47
5/20/2015,4505.3
5/19/2015,4503.72
5/18/2015,4512.95
5/15/2015,4494.29
5/14/2015,4495.04
5/13/2015,4426.56
5/12/2015,4420.65
5/11/2015,4438.64
5/8/2015,4458.65
5/7/2015,4401.55
5/6/2015,4379.75
5/5/2015,4409.39
5/4/2015,4482.61
5/1/2015,4479.06
4/30/2015,4414.25
4/29/2015,4488.15
4/28/2015,4515.27
4/27/2015,4525.04
4/24/2015,4536.78
4/23/2015,4477.07
4/22/2015,4460.81
4/21/2015,4435.98
4/20/2015,4417.4
4/17/2015,4351.8
4/16/2015,4418.83
4/15/2015,4424.53
4/14/2015,4397.64
4/13/2015,4409.21
4/10/2015,4422.02
4/9/2015,4403.95
4/8/2015,4375.96
4/7/2015,4344.08
4/6/2015,4350.98
4/3/2015,4316.01
4/2/2015,4316.01
4/1/2015,4311.26
3/31/2015,4333.69
3/30/2015,4382.82
3/27/2015,4332.86
3/26/2015,4315.26
3/25/2015,4329.29
3/24/2015,4430.99
3/23/2015,4445.54
3/20/2015,4458.54
3/19/2015,4426.82
3/18/2015,4422.5
3/17/2015,4375.63
3/16/2015,4370.47
3/13/2015,4314.9
3/12/2015,4336.23
3/11/2015,4305.38
3/10/2015,4329.08
3/9/2015,4412.99
3/6/2015,4399.23
3/5/2015,4452.06
3/4/2015,4445.36
3/3/2015,4458.78
3/2/2015,4483.05
2/27/2015,4440.67
2/26/2015,4462.27
2/25/2015,4440.59
2/24/2015,4451.03
2/23/2015,4449.49
2/20/2015,4443.05
2/19/2015,4411.86
2/18/2015,4390.91
2/17/2015,4385.34
2/16/2015,4384.03
2/13/2015,4384.03
2/12/2015,4347.97
2/11/2015,4297.28
2/10/2015,4281.15
2/9/2015,4216.09
2/6/2015,4228.68
2/5/2015,4256.18
2/4/2015,4221.2
2/3/2015,4229.15
2/2/2015,4188.59
1/30/2015,4148.43
1/29/2015,4181.35
1/28/2015,4140.38
1/27/2015,4165.5
1/26/2015,4275.72
1/23/2015,4278.14
1/22/2015,4270.36
1/21/2015,4192.09
1/20/2015,4171.21
1/19/2015,4142.14
1/16/2015,4142.14
1/15/2015,4089.65
1/14/2015,4145.84
1/13/2015,4166.2
1/12/2015,4169.97
1/9/2015,4213.28
1/8/2015,4240.55
1/7/2015,4160
1/6/2015,4110.83
1/5/2015,4160.96
1/2/2015,4230.24
1/1/2015,4236.28
12/31/2014,4236.28
12/30/2014,4282.35
12/29/2014,4312.64
12/26/2014,4314.09
12/25/2014,4283.1
12/24/2014,4283.1
12/23/2014,4279.3
12/22/2014,4293.67
12/19/2014,4281.78
12/18/2014,4267.77
12/17/2014,4165.1
12/16/2014,4089.6
12/15/2014,4157.41
12/12/2014,4199.28
12/11/2014,4246.48
12/10/2014,4224.87
12/9/2014,4294.67
12/8/2014,4278.34
12/5/2014,4311.57
12/4/2014,4311.93
12/3/2014,4312.93
12/2/2014,4305.96
12/1/2014,4287.81
11/28/2014,4337.78
11/27/2014,4317.99
11/26/2014,4317.99
11/25/2014,4288.23
11/24/2014,4284.32
11/21/2014,4251.32
11/20/2014,4242.09
11/19/2014,4222.66
11/18/2014,4242.19
11/17/2014,4213.79
11/14/2014,4224.99
11/13/2014,4213.49
11/12/2014,4195.4
11/11/2014,4187.16
11/10/2014,4175.95
11/7/2014,4160.5
11/6/2014,4164.08
11/5/2014,4153.27
11/4/2014,4156.23
11/3/2014,4169.28
10/31/2014,4158.21
10/30/2014,4100.64
10/29/2014,4090.55
10/28/2014,4106.63
10/27/2014,4046.02
10/24/2014,4042.02
10/23/2014,4012.27
10/22/2014,3949.59
10/21/2014,3971.39
10/20/2014,3870.08
10/17/2014,3815.47
10/16/2014,3765.28
10/15/2014,3785.97
10/14/2014,3810.45
10/13/2014,3808
10/10/2014,3870.85
10/9/2014,3969.32
10/8/2014,4041.12
10/7/2014,3958.59
10/6/2014,4016.27
10/3/2014,4027.31
10/2/2014,3985.87
10/1/2014,3984.74
9/30/2014,4049.44
9/29/2014,4047.18
9/26/2014,4053.72
9/25/2014,4007.82
9/24/2014,4094.31
9/23/2014,4051.57
9/22/2014,4061.23
9/19/2014,4100.09
9/18/2014,4103.08
9/17/2014,4073.57
9/16/2014,4067.27
9/15/2014,4029.89
9/12/2014,4069.23
9/11/2014,4092.65
9/10/2014,4094.97
9/9/2014,4061.88
9/8/2014,4095.46
9/5/2014,4089.92
9/4/2014,4066.13
9/3/2014,4070.96
9/2/2014,4095.81
9/1/2014,4082.56
8/29/2014,4082.56
8/28/2014,4066.27
8/27/2014,4073.18
8/26/2014,4071.67
8/25/2014,4067.48
8/22/2014,4052.75
8/21/2014,4047.03
8/20/2014,4040.7
8/19/2014,4040.13
8/18/2014,4020.5
8/15/2014,3987.51
8/14/2014,3969.11
8/13/2014,3949.2
8/12/2014,3905.22
8/11/2014,3910.46
8/8/2014,3888.09
8/7/2014,3857.94
8/6/2014,3874.27
8/5/2014,3874.94
8/4/2014,3908.77
8/1/2014,3879.67
7/31/2014,3892.5
7/30/2014,3976.07
7/29/2014,3959.03
7/28/2014,3967.24
7/25/2014,3965.16
7/24/2014,3983.19
7/23/2014,3986.19
7/22/2014,3961.62
7/21/2014,3934.14
7/18/2014,3939.89
7/17/2014,3878.01
7/16/2014,3932.33
7/15/2014,3914.45
7/14/2014,3929.46
7/11/2014,3904.58
7/10/2014,3880.04
7/9/2014,3892.91
7/8/2014,3864.07
7/7/2014,3910.71
7/4/2014,3923.01
7/3/2014,3923.01
7/2/2014,3899.27
7/1/2014,3894.33
6/30/2014,3849.48
6/27/2014,3844.44
6/26/2014,3826.91
6/25/2014,3827.33
6/24/2014,3799.53
6/23/2014,3805.31
6/20/2014,3802.64
6/19/2014,3800.8
6/18/2014,3804.61
6/17/2014,3781.32
6/16/2014,3779.93
6/13/2014,3775.56
6/12/2014,3763.8
6/11/2014,3797.85
6/10/2014,3800.86
6/9/2014,3795.74
6/6/2014,3794.57
6/5/2014,3776.95
6/4/2014,3743.59
6/3/2014,3730.07
6/2/2014,3732.96
5/30/2014,3736.82
5/29/2014,3735.72
5/28/2014,3712.26
5/27/2014,3723.06
5/26/2014,3677.33
5/23/2014,3677.33
5/22/2014,3650.86
5/21/2014,3635.61
5/20/2014,3600.31
5/19/2014,3615.62
5/16/2014,3587.2
5/15/2014,3565.17
5/14/2014,3593.25
5/13/2014,3611.13
5/12/2014,3612.73
5/9/2014,3555.7
5/8/2014,3540.42
5/7/2014,3546.47
5/6/2014,3556.51
5/5/2014,3605.09
5/2/2014,3587.64
5/1/2014,3594.36
4/30/2014,3582.02
4/29/2014,3573.99
4/28/2014,3545.02
4/25/2014,3533.1
4/24/2014,3591.03
4/23/2014,3557.04
4/22/2014,3588.8
4/21/2014,3559.95
4/18/2014,3534.53
4/17/2014,3534.53
4/16/2014,3533.09
4/15/2014,3487.85
4/14/2014,3474.63
4/11/2014,3446.85
4/10/2014,3487.76
4/9/2014,3600.44
4/8/2014,3538.23
4/7/2014,3507.75
4/4/2014,3539.38
4/3/2014,3637.58
4/2/2014,3665.99
4/1/2014,3658.4
3/31/2014,3595.74
3/28/2014,3571.48
3/27/2014,3563.13
3/26/2014,3582.89
3/25/2014,3629.73
3/24/2014,3617.39
3/21/2014,3653.07
3/20/2014,3693.97
3/19/2014,3682.73
3/18/2014,3706.62
3/17/2014,3662.51
3/14/2014,3627.87
3/13/2014,3651.49
3/12/2014,3707.06
3/11/2014,3691.5
3/10/2014,3706.34
3/7/2014,3703.4
3/6/2014,3720.93
3/5/2014,3727.18
3/4/2014,3719.93
3/3/2014,3668.37
2/28/2014,3696.1
2/27/2014,3699.8
2/26/2014,3676.6
2/25/2014,3679.14
2/24/2014,3685.81
2/21/2014,3662.6
2/20/2014,3671.93
2/19/2014,3652.84
2/18/2014,3679.43
2/17/2014,3663.88
2/14/2014,3663.88
2/13/2014,3659.56
2/12/2014,3627.36
2/11/2014,3621.72
2/10/2014,3582.11
2/7/2014,3561.91
2/6/2014,3497.6
2/5/2014,3454.89
2/4/2014,3470.2
2/3/2014,3440.5
1/31/2014,3521.92
1/30/2014,3532.41
1/29/2014,3467.82
1/28/2014,3505.72
1/27/2014,3509.02
1/24/2014,3541.48
1/23/2014,3613.76
1/22/2014,3627.72
1/21/2014,3617.7
1/20/2014,3591.25
1/17/2014,3591.25
1/16/2014,3611.29
1/15/2014,3609.84
1/14/2014,3580.65
1/13/2014,3512.8
1/10/2014,3565.08
1/9/2014,3552.58
1/8/2014,3567.54
1/7/2014,3557.85
1/6/2014,3526.96
